Order,Artist,Collection,Piece Title,Piece Slug,Token ID
1,Tyler Hobbs,Fidenza,Fidenza #5,fidenza-5-d270,
2,Tyler Hobbs,Fidenza,Fidenza #19,fidenza-19-d270,
3,Tyler Hobbs,Fidenza,Fidenza #28,fidenza-28-d270,
4,Tyler Hobbs,Fidenza,Fidenza #60,fidenza-60-d270,
5,Tyler Hobbs,Fidenza,Fidenza #90,fidenza-90-d270,
6,Tyler Hobbs,Fidenza,Fidenza #98,fidenza-98-d270,
7,Tyler Hobbs,Fidenza,Fidenza #145,fidenza-145-d270,
8,Tyler Hobbs,Fidenza,Fidenza #169,fidenza-169-d270,
9,Tyler Hobbs,Fidenza,Fidenza #180,fidenza-180-d270,
10,Tyler Hobbs,Fidenza,Fidenza #200,fidenza-200-d270,
11,Tyler Hobbs,Fidenza,Fidenza #231,fidenza-231-d270,
12,Tyler Hobbs,Fidenza,Fidenza #253,fidenza-253-d270,
13,Tyler Hobbs,Fidenza,Fidenza #256,fidenza-256-d270,
14,Tyler Hobbs,Fidenza,Fidenza #262,fidenza-262-d270,
15,Tyler Hobbs,Fidenza,Fidenza #342,fidenza-342-d270,
16,Tyler Hobbs,Fidenza,Fidenza #378,fidenza-378-d270,
17,Tyler Hobbs,Fidenza,Fidenza #437,fidenza-437-d270,
18,Tyler Hobbs,Fidenza,Fidenza #456,fidenza-456-d270,
19,Tyler Hobbs,Fidenza,Fidenza #573,fidenza-573-d270,
20,Tyler Hobbs,Fidenza,Fidenza #587,fidenza-587-d270,
21,Tyler Hobbs,Fidenza,Fidenza #593,fidenza-593-d270,
22,Tyler Hobbs,Fidenza,Fidenza #609,fidenza-609-d270,
23,Tyler Hobbs,Fidenza,Fidenza #647,fidenza-647-d270,
24,Tyler Hobbs,Fidenza,Fidenza #650,fidenza-650-d270,
25,Tyler Hobbs,Fidenza,Fidenza #713,fidenza-713-d270,
26,Tyler Hobbs,Fidenza,Fidenza #718,fidenza-718-d270,
27,Tyler Hobbs,Fidenza,Fidenza #819,fidenza-819-d270,
28,Tyler Hobbs,Fidenza,Fidenza #929,fidenza-929-d270,
29,Tyler Hobbs,Fidenza,Fidenza #943,fidenza-943-d270,
30,Tyler Hobbs,Fidenza,Fidenza #984,fidenza-984-d270,
31,Tyler Hobbs,QQL,QQL #308,qql-308-0c88,
32,Tyler Hobbs,QQL,QQL #309,qql-309-0c88,
33,Tyler Hobbs,QQL,Mint Pass #160,qql-160-1088,
34,Tyler Hobbs,QQL,Mint Pass #220,qql-220-1088,
35,Tyler Hobbs,QQL,Mint Pass #458,qql-458-1088,
36,Tyler Hobbs,QQL,Mint Pass #469,qql-469-1088,
37,Tyler Hobbs,QQL,Mint Pass #534,qql-534-1088,
38,Tyler Hobbs,QQL,Mint Pass #617,qql-617-1088,
39,Tyler Hobbs,QQL,Mint Pass #714,qql-714-1088,
40,Tyler Hobbs,QQL,Mint Pass #722,qql-722-1088,
41,Tyler Hobbs,QQL,Mint Pass #915,qql-915-1088,
42,Tyler Hobbs,QQL,Mint Pass #978,qql-978-1088,
43,Tyler Hobbs,Day Gardens,Day Garden #27,day-gardens-27-c0fd,
44,Tyler Hobbs,Day Gardens,Day Garden #32,day-gardens-32-c0fd,
45,Tyler Hobbs,Day Gardens,Day Garden #40,day-gardens-40-c0fd,
46,Tyler Hobbs,Tyler Hobbs,Return Zero [Blue] 0.7,tyler-hobbs-1-9345,
47,Tyler Hobbs,Tyler Hobbs,Elektroanima 0.9,tyler-hobbs-2-9345,
48,Tyler Hobbs,Tyler Hobbs,One One Overflow,tyler-hobbs-3-9345,
49,Tyler Hobbs,Tyler Hobbs,Harbor Scene #2 (after John Henry Twachtman),tyler-hobbs-2-8e82,
50,Dmitri Cherniak,Ringers,Ringers #14,ringers-13000014-d270,
51,Dmitri Cherniak,Ringers,Ringers #25,ringers-13000025-d270,
52,Dmitri Cherniak,Ringers,Ringers #58,ringers-13000058-d270,
53,Dmitri Cherniak,Ringers,Ringers #64,ringers-13000064-d270,
54,Dmitri Cherniak,Ringers,Ringers #75,ringers-13000075-d270,
55,Dmitri Cherniak,Ringers,Ringers #86,ringers-13000086-d270,
56,Dmitri Cherniak,Ringers,Ringers #89,ringers-13000089-d270,
57,Dmitri Cherniak,Ringers,Ringers #108,ringers-13000108-d270,
58,Dmitri Cherniak,Ringers,Ringers #117,ringers-13000117-d270,
59,Dmitri Cherniak,Ringers,Ringers #174,ringers-13000174-d270,
60,Dmitri Cherniak,Ringers,Ringers #209,ringers-13000209-d270,
61,Dmitri Cherniak,Ringers,Ringers #214,ringers-13000214-d270,
62,Dmitri Cherniak,Ringers,Ringers #241,ringers-13000241-d270,
63,Dmitri Cherniak,Ringers,Ringers #268,ringers-13000268-d270,
64,Dmitri Cherniak,Ringers,Ringers #273,ringers-13000273-d270,
65,Dmitri Cherniak,Ringers,Ringers #287,ringers-13000287-d270,
66,Dmitri Cherniak,Ringers,Ringers #303,ringers-13000303-d270,
67,Dmitri Cherniak,Ringers,Ringers #338,ringers-13000338-d270,
68,Dmitri Cherniak,Ringers,Ringers #342,ringers-13000342-d270,
69,Dmitri Cherniak,Ringers,Ringers #374,ringers-13000374-d270,
70,Dmitri Cherniak,Ringers,Ringers #391,ringers-13000391-d270,
71,Dmitri Cherniak,Ringers,Ringers #392,ringers-13000392-d270,
72,Dmitri Cherniak,Ringers,Ringers #492,ringers-13000492-d270,
73,Dmitri Cherniak,Ringers,Ringers #505,ringers-13000505-d270,
74,Dmitri Cherniak,Ringers,Ringers #520,ringers-13000520-d270,
75,Dmitri Cherniak,Ringers,Ringers #523,ringers-13000523-d270,
76,Dmitri Cherniak,Ringers,Ringers #549,ringers-13000549-d270,
77,Dmitri Cherniak,Ringers,Ringers #654,ringers-13000654-d270,
78,Dmitri Cherniak,Ringers,Ringers #680,ringers-13000680-d270,
79,Dmitri Cherniak,Ringers,Ringers #696,ringers-13000696-d270,
80,Dmitri Cherniak,Ringers,Ringers #698,ringers-13000698-d270,
81,Dmitri Cherniak,Ringers,Ringers #708,ringers-13000708-d270,
82,Dmitri Cherniak,Ringers,Ringers #715,ringers-13000715-d270,
83,Dmitri Cherniak,Ringers,Ringers #792,ringers-13000792-d270,
84,Dmitri Cherniak,Ringers,Ringers #952,ringers-13000952-d270,
85,Dmitri Cherniak,Ringers,Ringers #972,ringers-13000972-d270,
86,Dmitri Cherniak,Lightyears,Light Years #001,lightyears-1-f3f5,
87,Dmitri Cherniak,Lightyears,Light Years #013,lightyears-13-f3f5,
88,Dmitri Cherniak,Lightyears,Light Years #030,lightyears-30-f3f5,
89,Dmitri Cherniak,Lightyears,Light Years #042,lightyears-42-f3f5,
90,Dmitri Cherniak,Lightyears,Light Years #067,lightyears-67-f3f5,
91,Dmitri Cherniak,Lightyears,Light Years #072,lightyears-72-f3f5,
92,Dmitri Cherniak,SuperRare,A slight lack of symmetry can cause so much pain 1/4,superrare-dmitri-cherniak-26901-b9e0,
93,Dmitri Cherniak,SuperRare,A slight lack of symmetry can cause so much pain 2/4,superrare-dmitri-cherniak-26902-b9e0,
94,XCOPY,Grifters,Grifter #008,grifters-8-c1f3,
95,XCOPY,Grifters,Grifter #037,grifters-37-c1f3,
96,XCOPY,Grifters,Grifter #66,grifters-66-c1f3,
97,XCOPY,Grifters,Grifter #087,grifters-88-c1f3,
98,XCOPY,Grifters,Grifter #133,grifters-132-c1f3,
99,XCOPY,Grifters,Grifter #051,grifters-51-c1f3,
100,XCOPY,Grifters,Grifter #164,grifters-165-c1f3,
101,XCOPY,Grifters,Grifter #165,grifters-166-c1f3,
102,XCOPY,Grifters,Rotten,grifters-170-c1f3,
103,XCOPY,Grifters,Grifter #195,grifters-197-c1f3,
104,XCOPY,Grifters,Grifter #220,grifters-222-c1f3,
105,XCOPY,Grifters,Grifter #252,grifters-254-c1f3,
106,XCOPY,Grifters,Grifter #305,grifters-308-c1f3,
107,XCOPY,Grifters,Grifter #360,grifters-363-c1f3,
108,XCOPY,Grifters,Grifter #365,grifters-368-c1f3,
109,XCOPY,Grifters,Grifter #436,grifters-439-c1f3,
110,XCOPY,Grifters,Grifter #439,grifters-442-c1f3,
111,XCOPY,Grifters,Grifter #469,grifters-472-c1f3,
112,XCOPY,Grifters,Grifter #519,grifters-522-c1f3,
113,XCOPY,Grifters,Grifter #529,grifters-532-c1f3,
114,XCOPY,Grifters,Grifter #539,grifters-542-c1f3,
115,XCOPY,Grifters,Grifter #544,grifters-547-c1f3,
116,XCOPY,Grifters,Grifter #569,grifters-572-c1f3,
117,XCOPY,Grifters,Grifter #571,grifters-574-c1f3,
118,XCOPY,SuperRare,CITIZENS!,superrare-xcopy-9129-b9e0,
119,XCOPY,SuperRare,DANKRUPT,superrare-xcopy-29757-b9e0,
120,XCOPY,SuperRare,XCOPYDECAY,superrare-xcopy-30801-b9e0,
121,XCOPY,SuperRare,THE FUD,superrare-xcopy-32171-b9e0,
122,XCOPY,SuperRare,Some Other Asshole,superrare-xcopy-2123-b9e0,
123,XCOPY,Cope Salada,Cope Salada #125,cope-salada-125-2e9e,
124,Refik Anadol,Synthetic Dreams,51,synthetic-dreams-51-be3a,
125,Refik Anadol,Synthetic Dreams,362,synthetic-dreams-362-be3a,
126,Refik Anadol,Synthetic Dreams,379,synthetic-dreams-379-be3a,
127,Refik Anadol,Synthetic Dreams,625,synthetic-dreams-625-be3a,
128,Refik Anadol,Synthetic Dreams,630,synthetic-dreams-630-be3a,
129,Refik Anadol,Synthetic Dreams,648,synthetic-dreams-648-be3a,
130,Refik Anadol,Synthetic Dreams,754,synthetic-dreams-754-be3a,
131,Refik Anadol,Synthetic Dreams,774,synthetic-dreams-774-be3a,
132,Refik Anadol,Synthetic Dreams,854,synthetic-dreams-854-be3a,
133,Refik Anadol,Synthetic Dreams,858,synthetic-dreams-858-be3a,
134,Refik Anadol,Synthetic Dreams,951,synthetic-dreams-951-be3a,
135,Refik Anadol,Synthetic Dreams,957,synthetic-dreams-957-be3a,
136,Refik Anadol,Dataland - Biome Lumina,Biome Lumina #115/1000,dataland-biome-lumina-115-1c9d,
137,Refik Anadol,Dataland - Biome Lumina,Biome Lumina #127/1000,dataland-biome-lumina-127-1c9d,
138,Refik Anadol,Dataland - Biome Lumina,Biome Lumina #161/1000,dataland-biome-lumina-161-1c9d,
139,Refik Anadol,Dataland - Biome Lumina,Biome Lumina #179/1000,dataland-biome-lumina-179-1c9d,
140,Refik Anadol,Dataland - Biome Lumina,Biome Lumina #207/1000,dataland-biome-lumina-207-1c9d,
141,Refik Anadol,Dataland - Biome Lumina,Biome Lumina #242/1000,dataland-biome-lumina-242-1c9d,
142,Refik Anadol,Dataland - Biome Lumina,Biome Lumina #458/1000,dataland-biome-lumina-458-1c9d,
143,Refik Anadol,Dataland - Biome Lumina,Biome Lumina #461/1000,dataland-biome-lumina-461-1c9d,
144,Refik Anadol,Dataland - Biome Lumina,Biome Lumina #464/1000,dataland-biome-lumina-464-1c9d,
145,Refik Anadol,Dataland - Biome Lumina,Biome Lumina #524/1000,dataland-biome-lumina-524-1c9d,
146,Refik Anadol,Dataland - Biome Lumina,Biome Lumina #549/1000,dataland-biome-lumina-549-1c9d,
147,Refik Anadol,Dataland - Biome Lumina,Biome Lumina #632/1000,dataland-biome-lumina-632-1c9d,
148,Refik Anadol,Dataland - Biome Lumina,Biome Lumina #665/1000,dataland-biome-lumina-665-1c9d,
149,Refik Anadol,Dataland - Biome Lumina,Biome Lumina #670/1000,dataland-biome-lumina-670-1c9d,
150,Refik Anadol,Dataland - Biome Lumina,Biome Lumina #691/1000,dataland-biome-lumina-691-1c9d,
151,Refik Anadol,Dataland - Biome Lumina,Biome Lumina #789/1000,dataland-biome-lumina-789-1c9d,
152,Refik Anadol,Dataland - Biome Lumina,Biome Lumina #791/1000,dataland-biome-lumina-791-1c9d,
153,Refik Anadol,Dataland - Biome Lumina,Biome Lumina #999/1000,dataland-biome-lumina-999-1c9d,
154,Refik Anadol,Winds of Yawanawa,Winds of Yawanawa #20,winds-of-yawanawa-20-100b,
155,Refik Anadol,Winds of Yawanawa,Winds of Yawanawa #62,winds-of-yawanawa-62-100b,
156,Refik Anadol,Winds of Yawanawa,Winds of Yawanawa #103,winds-of-yawanawa-103-100b,
157,Refik Anadol,Winds of Yawanawa,Winds of Yawanawa #118,winds-of-yawanawa-118-100b,
158,Refik Anadol,Winds of Yawanawa,Winds of Yawanawa #154,winds-of-yawanawa-154-100b,
159,Refik Anadol,Winds of Yawanawa,Winds of Yawanawa #178,winds-of-yawanawa-178-100b,
160,Refik Anadol,Winds of Yawanawa,Winds of Yawanawa #227,winds-of-yawanawa-227-100b,
161,Refik Anadol,Winds of Yawanawa,Winds of Yawanawa #265,winds-of-yawanawa-265-100b,
162,Refik Anadol,Winds of Yawanawa,Winds of Yawanawa #281,winds-of-yawanawa-281-100b,
163,Refik Anadol,Winds of Yawanawa,Winds of Yawanawa #369,winds-of-yawanawa-369-100b,
164,Refik Anadol,Winds of Yawanawa,Winds of Yawanawa #371,winds-of-yawanawa-371-100b,
165,Refik Anadol,Winds of Yawanawa,Winds of Yawanawa #373,winds-of-yawanawa-373-100b,
166,Refik Anadol,Winds of Yawanawa,Winds of Yawanawa #442,winds-of-yawanawa-442-100b,
167,Refik Anadol,Winds of Yawanawa,Winds of Yawanawa #451,winds-of-yawanawa-451-100b,
168,Refik Anadol,Winds of Yawanawa,Winds of Yawanawa #487,winds-of-yawanawa-487-100b,
169,Refik Anadol,Winds of Yawanawa,Winds of Yawanawa #495,winds-of-yawanawa-495-100b,
170,Refik Anadol,Winds of Yawanawa,Winds of Yawanawa #524,winds-of-yawanawa-524-100b,
171,Refik Anadol,Winds of Yawanawa,Winds of Yawanawa #554,winds-of-yawanawa-554-100b,
172,Refik Anadol,Winds of Yawanawa,Winds of Yawanawa #572,winds-of-yawanawa-572-100b,
173,Refik Anadol,Winds of Yawanawa,Winds of Yawanawa #600,winds-of-yawanawa-600-100b,
174,Refik Anadol,Winds of Yawanawa,Winds of Yawanawa #629,winds-of-yawanawa-629-100b,
175,Refik Anadol,Winds of Yawanawa,Winds of Yawanawa #637,winds-of-yawanawa-637-100b,
176,Refik Anadol,Winds of Yawanawa,Winds of Yawanawa #638,winds-of-yawanawa-638-100b,
177,Refik Anadol,Winds of Yawanawa,Winds of Yawanawa #681,winds-of-yawanawa-681-100b,
178,Refik Anadol,Winds of Yawanawa,Winds of Yawanawa #688,winds-of-yawanawa-688-100b,
179,Refik Anadol,Winds of Yawanawa,Winds of Yawanawa #692,winds-of-yawanawa-692-100b,
180,Refik Anadol,Winds of Yawanawa,Winds of Yawanawa #695,winds-of-yawanawa-695-100b,
181,Refik Anadol,Winds of Yawanawa,Winds of Yawanawa #697,winds-of-yawanawa-697-100b,
182,Refik Anadol,Winds of Yawanawa,Winds of Yawanawa #700,winds-of-yawanawa-700-100b,
183,Refik Anadol,Winds of Yawanawa,Winds of Yawanawa #701,winds-of-yawanawa-701-100b,
184,Refik Anadol,Winds of Yawanawa,Winds of Yawanawa #704,winds-of-yawanawa-704-100b,
185,Refik Anadol,Winds of Yawanawa,Winds of Yawanawa #712,winds-of-yawanawa-712-100b,
186,Refik Anadol,Winds of Yawanawa,Winds of Yawanawa #717,winds-of-yawanawa-717-100b,
187,Refik Anadol,Winds of Yawanawa,Winds of Yawanawa #738,winds-of-yawanawa-738-100b,
188,Refik Anadol,Winds of Yawanawa,Winds of Yawanawa #741,winds-of-yawanawa-741-100b,
189,Refik Anadol,Winds of Yawanawa,Winds of Yawanawa #745,winds-of-yawanawa-745-100b,
190,Refik Anadol,Winds of Yawanawa,Winds of Yawanawa #746,winds-of-yawanawa-746-100b,
191,Refik Anadol,Winds of Yawanawa,Winds of Yawanawa #754,winds-of-yawanawa-754-100b,
192,Refik Anadol,Winds of Yawanawa,Winds of Yawanawa #755,winds-of-yawanawa-755-100b,
193,Refik Anadol,Winds of Yawanawa,Winds of Yawanawa #764,winds-of-yawanawa-764-100b,
194,Refik Anadol,Winds of Yawanawa,Winds of Yawanawa #856,winds-of-yawanawa-856-100b,
195,Refik Anadol,Winds of Yawanawa,Winds of Yawanawa #863,winds-of-yawanawa-863-100b,
196,Refik Anadol,Winds of Yawanawa,Winds of Yawanawa #870,winds-of-yawanawa-870-100b,
197,Refik Anadol,Winds of Yawanawa,Winds of Yawanawa #878,winds-of-yawanawa-878-100b,
198,Refik Anadol,Winds of Yawanawa,Winds of Yawanawa #888,winds-of-yawanawa-888-100b,
199,Refik Anadol,Winds of Yawanawa,Winds of Yawanawa #912,winds-of-yawanawa-912-100b,
200,Refik Anadol,Winds of Yawanawa,Winds of Yawanawa #917,winds-of-yawanawa-917-100b,
201,Refik Anadol,Winds of Yawanawa,Winds of Yawanawa #921,winds-of-yawanawa-921-100b,
202,Refik Anadol,Winds of Yawanawa,Winds of Yawanawa #962,winds-of-yawanawa-962-100b,
203,Refik Anadol,Winds of Yawanawa,Winds of Yawanawa #989,winds-of-yawanawa-989-100b,
204,Sam Spratt,Skulls of Luci,Unum,skulls-of-luci-12-d27c,
205,Sam Spratt,Skulls of Luci,Saturnalia Pigmentation,skulls-of-luci-20-d27c,
206,Sam Spratt,Masks of Luci,Prism Shield,masks-of-luci-86-249a,
207,Sam Spratt,Masks of Luci,Indus Wanders,masks-of-luci-94-249a,
208,Sam Spratt,Masks of Luci,Flush the Dull,masks-of-luci-142-249a,
209,Sam Spratt,Masks of Luci,Trusted Process,masks-of-luci-191-249a,
210,Sam Spratt,Masks of Luci,Saturnalia Pigmentation,masks-of-luci-240-249a,
211,Sam Spratt,Masks of Luci,Chunked,masks-of-luci-241-249a,
212,Sam Spratt,Masks of Luci,Starseeker,masks-of-luci-303-249a,
213,Sam Spratt,Masks of Luci,Untainted Glint,masks-of-luci-349-249a,
214,Sam Spratt,Masks of Luci,The Wheel Weaver\,masks-of-luci-394-249a,
215,Sam Spratt,Masks of Luci,Lush of Anaximander,masks-of-luci-435-249a,
216,Sam Spratt,Masks of Luci,Amor Fati,masks-of-luci-442-249a,
217,Sam Spratt,Masks of Luci,Mimetic Desire,masks-of-luci-476-249a,
218,Sam Spratt,Masks of Luci,Riddle of the Clutch,masks-of-luci-504-249a,
219,Sam Spratt,Masks of Luci,Violence of Old Growth,masks-of-luci-518-249a,
220,Sam Spratt,Masks of Luci,Avowed Petals,masks-of-luci-540-249a,
221,Sam Spratt,Masks of Luci,Stealth Revolution,masks-of-luci-569-249a,
222,Sam Spratt,Masks of Luci,Unum,masks-of-luci-591-249a,
223,Sam Spratt,Masks of Luci,Curse of the Fumble,masks-of-luci-597-249a,
224,Sam Spratt,Masks of Luci,Liquidity Pool,masks-of-luci-609-249a,
225,Larva Labs,CryptoPunks,CryptoPunk 269,cryptopunks-269-3BBB,
226,Larva Labs,CryptoPunks,CryptoPunk 1568,cryptopunks-1568-3BBB,
227,Larva Labs,CryptoPunks,CryptoPunk 1775,cryptopunks-1775-3BBB,
228,Larva Labs,CryptoPunks,CryptoPunk 1887,cryptopunks-1887-13f6,
229,Larva Labs,CryptoPunks,CryptoPunk 2412,cryptopunks-2412-3BBB,
230,Larva Labs,CryptoPunks,CryptoPunk 2550,cryptopunks-2550-3BBB,
231,Larva Labs,CryptoPunks,CryptoPunk 2758,cryptopunks-2758-3BBB,
232,Larva Labs,CryptoPunks,CryptoPunk 3017,cryptopunks-3017-3BBB,
233,Larva Labs,CryptoPunks,CryptoPunk 3745,cryptopunks-3745-3BBB,
234,Larva Labs,CryptoPunks,CryptoPunk 4063,cryptopunks-4063-3BBB,
235,Larva Labs,CryptoPunks,CryptoPunk 4081,cryptopunks-4081-3BBB,
236,Larva Labs,CryptoPunks,CryptoPunk 4253,cryptopunks-4253-3BBB,
237,Larva Labs,CryptoPunks,CryptoPunk 4558,cryptopunks-4558-3BBB,
238,Larva Labs,CryptoPunks,CryptoPunk 4633,cryptopunks-4633-3BBB,
239,Larva Labs,CryptoPunks,CryptoPunk 4776,cryptopunks-4776-3BBB,
240,Larva Labs,CryptoPunks,CryptoPunk 4853,cryptopunks-4853-13f6,
241,Larva Labs,CryptoPunks,CryptoPunk 4926,cryptopunks-4926-3BBB,
242,Larva Labs,CryptoPunks,CryptoPunk 4978,cryptopunks-4978-3BBB,
243,Larva Labs,CryptoPunks,CryptoPunk 5061,cryptopunks-5061-3BBB,
244,Larva Labs,CryptoPunks,CryptoPunk 5528,cryptopunks-5528-3BBB,
245,Larva Labs,CryptoPunks,CryptoPunk 6194,cryptopunks-6194-3BBB,
246,Larva Labs,CryptoPunks,CryptoPunk 6435,cryptopunks-6435-3BBB,
247,Larva Labs,CryptoPunks,CryptoPunk 6479,cryptopunks-6479-3BBB,
248,Larva Labs,CryptoPunks,CryptoPunk 6583,cryptopunks-6583-3BBB,
249,Larva Labs,CryptoPunks,CryptoPunk 6788,cryptopunks-6788-3BBB,
250,Larva Labs,CryptoPunks,CryptoPunk 6932,cryptopunks-6932-3BBB,
251,Larva Labs,CryptoPunks,CryptoPunk 7144,cryptopunks-7144-3BBB,
252,Larva Labs,CryptoPunks,CryptoPunk 7364,cryptopunks-7364-3BBB,
253,Larva Labs,CryptoPunks,CryptoPunk 7728,cryptopunks-7728-3BBB,
254,Larva Labs,CryptoPunks,CryptoPunk 8259,cryptopunks-8259-3BBB,
255,Larva Labs,CryptoPunks,CryptoPunk 8561,cryptopunks-8561-13f6,
256,Larva Labs,CryptoPunks,CryptoPunk 8564,cryptopunks-8564-13f6,
257,Larva Labs,CryptoPunks,CryptoPunk 8779,cryptopunks-8779-3BBB,
258,Larva Labs,CryptoPunks,CryptoPunk 9019,cryptopunks-9019-3BBB,
259,Larva Labs,CryptoPunks,CryptoPunk 9363,cryptopunks-9363-3BBB,
260,Larva Labs,CryptoPunks,CryptoPunk 9405,cryptopunks-9405-3BBB,
261,Larva Labs,CryptoPunks,CryptoPunk 9665,cryptopunks-9665-3BBB,
262,Larva Labs,CryptoPunks,CryptoPunk 9968,cryptopunks-9968-3BBB,
263,Larva Labs,CryptoPunks,CryptoPunk 9985,cryptopunks-9985-3BBB,
264,Larva Labs,Meebit,Meebit #3611,meebit-3611-6bc7,
265,Kim Asendorf,Lights,Raster und Spektrum,lights-3-2006,
266,Kim Asendorf,PXL DEX,Pixel Deck 105,pxl-dex-105-ecfb,
267,Kim Asendorf,PXL DEX,Pixel Deck 107,pxl-dex-107-ecfb,
268,Kim Asendorf,PXL DEX,Pixel Deck 130,pxl-dex-130-ecfb,
269,Kim Asendorf,PXL DEX,Pixel Deck 139,pxl-dex-139-ecfb,
270,Kim Asendorf,PXL DEX,Pixel Deck 141,pxl-dex-141-ecfb,
271,Kim Asendorf,PXL POD,Pixel Pod 42,pxl-pod-42-88b3,
272,Kim Asendorf,PXL POD,Pixel Pod 55,pxl-pod-55-88b3,
273,Kim Asendorf,PXL POD,Pixel Pod 61,pxl-pod-61-88b3,
274,Kim Asendorf,PXL POD,Pixel Pod 108,pxl-pod-108-88b3,
275,Kim Asendorf,PXL POD,Pixel Pod 122,pxl-pod-122-88b3,
276,Kim Asendorf,PXL POD,Pixel Pod 175,pxl-pod-175-88b3,
277,Kim Asendorf,PXL POD,Pixel Pod 209,pxl-pod-209-88b3,
278,Kim Asendorf,PXL POD,Pixel Pod 215,pxl-pod-215-88b3,
279,Kim Asendorf,PXL POD,Pixel Duo Pod 241,pxl-pod-241-88b3,
280,Kim Asendorf,PXL POD,Pixel Duo Pod 242,pxl-pod-242-88b3,
281,Kim Asendorf,X0X,X0X576,x0x-576-3753,
282,Operator,Human Unreadable,Human Unreadable #95,human-unreadable-455000095-b069,
283,Operator,Human Unreadable,Human Unreadable #124,human-unreadable-455000124-b069,
284,Operator,Human Unreadable,Human Unreadable #140,human-unreadable-455000140-b069,
285,Operator,Human Unreadable,Human Unreadable #141,human-unreadable-455000141-b069,
286,Operator,Human Unreadable,Human Unreadable #150,human-unreadable-455000150-b069,
287,Operator,Human Unreadable,Human Unreadable #155,human-unreadable-455000155-b069,
288,Operator,Human Unreadable,Human Unreadable #156,human-unreadable-455000156-b069,
289,Operator,Human Unreadable,Human Unreadable #169,human-unreadable-455000169-b069,
290,Operator,Human Unreadable,Human Unreadable #180,human-unreadable-455000180-b069,
291,Operator,Human Unreadable,Human Unreadable #201,human-unreadable-455000201-b069,
292,Operator,Human Unreadable,Human Unreadable #216,human-unreadable-455000216-b069,
293,Operator,Human Unreadable,Human Unreadable #237,human-unreadable-455000237-b069,
294,Operator,Human Unreadable,Human Unreadable #245,human-unreadable-455000245-b069,
295,Operator,Human Unreadable,Human Unreadable #278,human-unreadable-455000278-b069,
296,Operator,Human Unreadable,Human Unreadable #328,human-unreadable-455000328-b069,
297,Operator,Human Unreadable,Human Unreadable #336,human-unreadable-455000336-b069,
298,Operator,Human Unreadable,Human Unreadable #339,human-unreadable-455000339-b069,
299,Operator,Repeat as Necessary,,repeat-as-necessary-1-b069,
300,Operator,Repeat as Necessary,Repeat as necessary #12 - Breath: soul steam,repeat-as-necessary-12-b069,
301,Operator,Repeat as Necessary,Repeat as necessary #21 - Disappear into breath,repeat-as-necessary-21-b069,
302,Operator,Repeat as Necessary,,repeat-as-necessary-40-b069,
303,a.c.k.,Piano Blossoms,FlowerDemons,piano-blossoms-5-40f9,
304,a.c.k.,Piano Blossoms,Interblossom,piano-blossoms-2-40f9,
305,a.c.k.,Piano Blossoms,MuseBlossoms,piano-blossoms-4-40f9,
306,a.c.k.,Piano Blossoms,GoldenAfternoon,piano-blossoms-3-40f9,
307,a.c.k.,Piano Blossoms,Wonderland,piano-blossoms-1-40f9,
308,a.c.k.,Her favorite flowers,kissed by the Moonlight,her-favorite-flowers-2-fe63,
309,Beeple,SuperRare,TIME The Future of Business (Beeple Edition),superrare-beeple-24644-b9e0,